Fecha,Dólar
2/01/2008,497
3/01/2008,498
4/01/2008,497
7/01/2008,496
8/01/2008,496
9/01/2008,490
10/01/2008,487
11/01/2008,485
14/01/2008,480
15/01/2008,472
16/01/2008,472
17/01/2008,478
18/01/2008,476
21/01/2008,476
22/01/2008,483
23/01/2008,481
24/01/2008,479
25/01/2008,471
28/01/2008,468
29/01/2008,469
30/01/2008,464
31/01/2008,465
1/02/2008,465
4/02/2008,465
5/02/2008,467
6/02/2008,472
7/02/2008,474
8/02/2008,476
11/02/2008,474
12/02/2008,469
13/02/2008,466
14/02/2008,466
15/02/2008,464
18/02/2008,465
19/02/2008,463
20/02/2008,464
21/02/2008,469
22/02/2008,468
25/02/2008,467
26/02/2008,467
27/02/2008,467
28/02/2008,463
29/02/2008,458
3/03/2008,454
4/03/2008,455
5/03/2008,453
6/03/2008,449
7/03/2008,445
10/03/2008,444
11/03/2008,440
12/03/2008,435
13/03/2008,432
14/03/2008,433
17/03/2008,435
18/03/2008,439
19/03/2008,431
20/03/2008,436
24/03/2008,447
25/03/2008,452
26/03/2008,451
27/03/2008,446
28/03/2008,441
31/03/2008,439
1/04/2008,438
2/04/2008,438
3/04/2008,437
4/04/2008,440
7/04/2008,436
8/04/2008,434
9/04/2008,437
10/04/2008,435
11/04/2008,434
14/04/2008,449
15/04/2008,449
16/04/2008,454
17/04/2008,456
18/04/2008,457
21/04/2008,456
22/04/2008,456
23/04/2008,452
24/04/2008,445
25/04/2008,448
28/04/2008,454
29/04/2008,454
30/04/2008,459
2/05/2008,461
5/05/2008,465
6/05/2008,466
7/05/2008,468
8/05/2008,469
9/05/2008,471
12/05/2008,471
13/05/2008,468
14/05/2008,467
15/05/2008,469
16/05/2008,467
19/05/2008,465
20/05/2008,467
22/05/2008,471
23/05/2008,472
26/05/2008,472
27/05/2008,475
28/05/2008,479
29/05/2008,479
30/05/2008,480
2/06/2008,480
3/06/2008,483
4/06/2008,485
5/06/2008,490
6/06/2008,483
9/06/2008,483
10/06/2008,484
11/06/2008,485
12/06/2008,486
13/06/2008,497
16/06/2008,501
17/06/2008,500
18/06/2008,492
19/06/2008,491
20/06/2008,489
23/06/2008,494
24/06/2008,501
25/06/2008,505
26/06/2008,508
27/06/2008,512
30/06/2008,520
1/07/2008,526
2/07/2008,529
3/07/2008,517
4/07/2008,511
7/07/2008,511
8/07/2008,507
9/07/2008,506
10/07/2008,503
11/07/2008,503
14/07/2008,504
15/07/2008,498
17/07/2008,493
18/07/2008,489
21/07/2008,495
22/07/2008,495
23/07/2008,490
24/07/2008,495
25/07/2008,494
28/07/2008,492
29/07/2008,494
30/07/2008,494
31/07/2008,503
1/08/2008,507
4/08/2008,506
5/08/2008,511
6/08/2008,511
7/08/2008,513
8/08/2008,512
11/08/2008,517
12/08/2008,520
13/08/2008,520
14/08/2008,518
18/08/2008,515
19/08/2008,519
20/08/2008,523
21/08/2008,521
22/08/2008,520
25/08/2008,520
26/08/2008,521
27/08/2008,523
28/08/2008,520
29/08/2008,516
1/09/2008,513
2/09/2008,515
3/09/2008,516
4/09/2008,517
5/09/2008,516
8/09/2008,523
9/09/2008,524
10/09/2008,531
11/09/2008,531
12/09/2008,534
15/09/2008,528
16/09/2008,532
17/09/2008,541
22/09/2008,545
23/09/2008,532
24/09/2008,534
25/09/2008,540
26/09/2008,539
29/09/2008,540
30/09/2008,552
1/10/2008,551
2/10/2008,556
3/10/2008,572
6/10/2008,568
7/10/2008,590
8/10/2008,588
9/10/2008,607
10/10/2008,611
13/10/2008,636
14/10/2008,617
15/10/2008,604
16/10/2008,631
17/10/2008,631
20/10/2008,617
21/10/2008,612
22/10/2008,631
23/10/2008,652
24/10/2008,651
27/10/2008,667
28/10/2008,677
29/10/2008,671
30/10/2008,665
3/11/2008,670
4/11/2008,668
5/11/2008,643
6/11/2008,633
7/11/2008,630
10/11/2008,636
11/11/2008,629
12/11/2008,643
13/11/2008,645
14/11/2008,640
17/11/2008,640
18/11/2008,645
19/11/2008,646
20/11/2008,655
21/11/2008,663
24/11/2008,672
25/11/2008,676
26/11/2008,672
27/11/2008,663
28/11/2008,659
1/12/2008,665
2/12/2008,671
3/12/2008,667
4/12/2008,675
5/12/2008,673
9/12/2008,673
10/12/2008,666
11/12/2008,665
12/12/2008,657
15/12/2008,654
16/12/2008,643
17/12/2008,638
18/12/2008,635
19/12/2008,626
22/12/2008,636
23/12/2008,633
24/12/2008,628
26/12/2008,626
29/12/2008,628
30/12/2008,629
2/01/2009,636
5/01/2009,641
6/01/2009,644
7/01/2009,633
8/01/2009,630
9/01/2009,630
12/01/2009,617
13/01/2009,610
14/01/2009,615
15/01/2009,616
16/01/2009,626
19/01/2009,615
20/01/2009,621
21/01/2009,625
22/01/2009,624
23/01/2009,622
26/01/2009,621
27/01/2009,617
28/01/2009,616
29/01/2009,612
30/01/2009,612
2/02/2009,617
3/02/2009,622
4/02/2009,624
5/02/2009,617
6/02/2009,620
9/02/2009,616
10/02/2009,610
11/02/2009,606
12/02/2009,602
13/02/2009,593
16/02/2009,583
17/02/2009,584
18/02/2009,592
19/02/2009,592
20/02/2009,604
23/02/2009,619
24/02/2009,621
25/02/2009,599
26/02/2009,601
27/02/2009,596
2/03/2009,599
3/03/2009,604
4/03/2009,609
5/03/2009,615
6/03/2009,611
9/03/2009,605
10/03/2009,610
11/03/2009,605
12/03/2009,601
13/03/2009,598
16/03/2009,594
17/03/2009,586
18/03/2009,583
19/03/2009,592
20/03/2009,584
23/03/2009,587
24/03/2009,580
25/03/2009,576
26/03/2009,574
27/03/2009,575
30/03/2009,572
31/03/2009,582
1/04/2009,583
2/04/2009,582
3/04/2009,575
6/04/2009,580
7/04/2009,582
8/04/2009,583
9/04/2009,581
13/04/2009,577
14/04/2009,578
15/04/2009,578
16/04/2009,579
17/04/2009,577
20/04/2009,579
21/04/2009,584
22/04/2009,583
23/04/2009,584
24/04/2009,584
27/04/2009,588
28/04/2009,600
29/04/2009,601
30/04/2009,589
4/05/2009,580
5/05/2009,574
6/05/2009,569
7/05/2009,571
8/05/2009,564
11/05/2009,563
12/05/2009,568
13/05/2009,568
14/05/2009,571
15/05/2009,564
18/05/2009,560
19/05/2009,559
20/05/2009,560
22/05/2009,559
25/05/2009,562
26/05/2009,562
27/05/2009,564
28/05/2009,566
29/05/2009,565
1/06/2009,561
2/06/2009,561
3/06/2009,563
4/06/2009,566
5/06/2009,566
8/06/2009,566
9/06/2009,569
10/06/2009,566
11/06/2009,566
12/06/2009,564
15/06/2009,562
16/06/2009,565
17/06/2009,553
18/06/2009,550
19/06/2009,540
22/06/2009,536
23/06/2009,534
24/06/2009,534
25/06/2009,533
26/06/2009,532
30/06/2009,529
1/07/2009,532
2/07/2009,535
3/07/2009,544
6/07/2009,541
7/07/2009,540
8/07/2009,540
9/07/2009,546
10/07/2009,548
13/07/2009,552
14/07/2009,549
15/07/2009,548
17/07/2009,541
20/07/2009,532
21/07/2009,531
22/07/2009,533
23/07/2009,534
24/07/2009,534
27/07/2009,538
28/07/2009,541
29/07/2009,545
30/07/2009,544
31/07/2009,542
3/08/2009,541
4/08/2009,538
5/08/2009,539
6/08/2009,541
7/08/2009,542
10/08/2009,543
11/08/2009,546
12/08/2009,550
13/08/2009,547
14/08/2009,545
17/08/2009,552
18/08/2009,559
19/08/2009,556
20/08/2009,553
21/08/2009,548
24/08/2009,544
25/08/2009,547
26/08/2009,546
27/08/2009,549
28/08/2009,549
31/08/2009,551
1/09/2009,553
2/09/2009,555
3/09/2009,558
4/09/2009,556
7/09/2009,552
8/09/2009,551
9/09/2009,552
10/09/2009,552
11/09/2009,554
14/09/2009,551
15/09/2009,552
16/09/2009,551
17/09/2009,546
21/09/2009,546
22/09/2009,545
23/09/2009,540
24/09/2009,540
25/09/2009,541
28/09/2009,545
29/09/2009,545
30/09/2009,546
1/10/2009,550
2/10/2009,553
5/10/2009,557
6/10/2009,556
7/10/2009,554
8/10/2009,554
9/10/2009,551
13/10/2009,554
14/10/2009,555
15/10/2009,552
16/10/2009,549
19/10/2009,548
20/10/2009,546
21/10/2009,543
22/10/2009,543
23/10/2009,537
26/10/2009,532
27/10/2009,533
28/10/2009,533
29/10/2009,531
30/10/2009,532
2/11/2009,532
3/11/2009,529
4/11/2009,531
5/11/2009,528
6/11/2009,524
9/11/2009,522
10/11/2009,516
11/11/2009,510
12/11/2009,506
13/11/2009,508
16/11/2009,504
17/11/2009,498
18/11/2009,494
19/11/2009,491
20/11/2009,498
23/11/2009,504
24/11/2009,495
25/11/2009,493
26/11/2009,492
27/11/2009,493
30/11/2009,496
1/12/2009,495
2/12/2009,496
3/12/2009,499
4/12/2009,503
7/12/2009,502
9/12/2009,503
10/12/2009,504
11/12/2009,496
14/12/2009,496
15/12/2009,497
16/12/2009,499
17/12/2009,498
18/12/2009,501
21/12/2009,503
22/12/2009,504
23/12/2009,507
24/12/2009,509
28/12/2009,507
29/12/2009,506
30/12/2009,506
4/01/2010,507
5/01/2010,506
6/01/2010,504
7/01/2010,498
8/01/2010,495
11/01/2010,492
12/01/2010,489
13/01/2010,491
14/01/2010,490
15/01/2010,493
18/01/2010,493
19/01/2010,491
20/01/2010,492
21/01/2010,495
22/01/2010,499
25/01/2010,506
26/01/2010,507
27/01/2010,512
28/01/2010,521
29/01/2010,532
1/02/2010,523
2/02/2010,528
3/02/2010,529
4/02/2010,536
5/02/2010,546
8/02/2010,543
9/02/2010,541
10/02/2010,541
11/02/2010,536
12/02/2010,534
15/02/2010,530
16/02/2010,525
17/02/2010,528
18/02/2010,528
19/02/2010,532
22/02/2010,533
23/02/2010,529
24/02/2010,529
25/02/2010,531
26/02/2010,530
1/03/2010,528
2/03/2010,525
3/03/2010,521
4/03/2010,516
5/03/2010,515
8/03/2010,511
9/03/2010,509
10/03/2010,513
11/03/2010,515
12/03/2010,521
15/03/2010,516
16/03/2010,516
17/03/2010,522
18/03/2010,527
19/03/2010,526
22/03/2010,528
23/03/2010,533
24/03/2010,534
25/03/2010,533
26/03/2010,532
29/03/2010,533
30/03/2010,532
31/03/2010,526
1/04/2010,524
5/04/2010,522
6/04/2010,520
7/04/2010,520
8/04/2010,517
9/04/2010,517
12/04/2010,515
13/04/2010,515
14/04/2010,515
15/04/2010,516
16/04/2010,521
19/04/2010,523
20/04/2010,525
21/04/2010,527
22/04/2010,524
23/04/2010,521
26/04/2010,521
27/04/2010,520
28/04/2010,523
29/04/2010,525
30/04/2010,521
3/05/2010,517
4/05/2010,518
5/05/2010,523
6/05/2010,528
7/05/2010,528
10/05/2010,533
11/05/2010,528
12/05/2010,530
13/05/2010,529
14/05/2010,532
17/05/2010,534
18/05/2010,539
19/05/2010,543
20/05/2010,549
24/05/2010,548
25/05/2010,540
26/05/2010,545
27/05/2010,539
28/05/2010,532
31/05/2010,529
1/06/2010,531
2/06/2010,533
3/06/2010,535
4/06/2010,535
7/06/2010,541
8/06/2010,545
9/06/2010,548
10/06/2010,542
11/06/2010,538
14/06/2010,538
15/06/2010,535
16/06/2010,536
17/06/2010,530
18/06/2010,530
21/06/2010,533
22/06/2010,530
23/06/2010,533
24/06/2010,536
25/06/2010,540
29/06/2010,538
30/06/2010,543
1/07/2010,547
2/07/2010,545
5/07/2010,538
6/07/2010,538
7/07/2010,536
8/07/2010,537
9/07/2010,536
12/07/2010,538
13/07/2010,539
14/07/2010,535
15/07/2010,535
19/07/2010,532
20/07/2010,532
21/07/2010,530
22/07/2010,525
23/07/2010,518
26/07/2010,520
27/07/2010,520
28/07/2010,519
29/07/2010,523
30/07/2010,522
2/08/2010,523
3/08/2010,517
4/08/2010,518
5/08/2010,516
6/08/2010,516
9/08/2010,515
10/08/2010,512
11/08/2010,513
12/08/2010,513
13/08/2010,510
16/08/2010,510
17/08/2010,506
18/08/2010,503
19/08/2010,500
20/08/2010,505
23/08/2010,508
24/08/2010,504
25/08/2010,506
26/08/2010,507
27/08/2010,503
30/08/2010,501
31/08/2010,499
1/09/2010,503
2/09/2010,498
3/09/2010,497
6/09/2010,495
7/09/2010,497
8/09/2010,498
9/09/2010,498
10/09/2010,495
13/09/2010,496
14/09/2010,495
15/09/2010,494
16/09/2010,495
21/09/2010,496
22/09/2010,498
23/09/2010,494
24/09/2010,490
27/09/2010,486
28/09/2010,485
29/09/2010,485
30/09/2010,485
1/10/2010,484
4/10/2010,481
5/10/2010,485
6/10/2010,484
7/10/2010,482
8/10/2010,482
12/10/2010,483
13/10/2010,479
14/10/2010,476
15/10/2010,478
18/10/2010,478
19/10/2010,481
20/10/2010,486
21/10/2010,486
22/10/2010,486
25/10/2010,487
26/10/2010,486
27/10/2010,491
28/10/2010,494
29/10/2010,492
2/11/2010,489
3/11/2010,487
4/11/2010,488
5/11/2010,481
8/11/2010,478
9/11/2010,480
10/11/2010,477
11/11/2010,480
12/11/2010,480
15/11/2010,481
16/11/2010,483
17/11/2010,484
18/11/2010,485
19/11/2010,481
22/11/2010,481
23/11/2010,479
24/11/2010,481
25/11/2010,482
26/11/2010,482
29/11/2010,483
30/11/2010,486
1/12/2010,488
2/12/2010,485
3/12/2010,485
6/12/2010,482
7/12/2010,479
9/12/2010,476
10/12/2010,475
13/12/2010,475
14/12/2010,474
15/12/2010,474
16/12/2010,474
17/12/2010,474
20/12/2010,472
21/12/2010,471
22/12/2010,469
23/12/2010,470
24/12/2010,469
27/12/2010,470
28/12/2010,471
29/12/2010,470
30/12/2010,468
3/01/2011,468
4/01/2011,466
5/01/2011,487
6/01/2011,494
7/01/2011,495
10/01/2011,497
11/01/2011,499
12/01/2011,496
13/01/2011,493
14/01/2011,489
17/01/2011,492
18/01/2011,490
19/01/2011,491
20/01/2011,491
21/01/2011,494
24/01/2011,492
25/01/2011,493
26/01/2011,493
27/01/2011,490
28/01/2011,485
31/01/2011,483
1/02/2011,484
2/02/2011,481
3/02/2011,481
4/02/2011,482
7/02/2011,478
8/02/2011,478
9/02/2011,480
10/02/2011,477
11/02/2011,476
14/02/2011,473
15/02/2011,470
16/02/2011,471
17/02/2011,474
18/02/2011,473
21/02/2011,469
22/02/2011,469
23/02/2011,471
24/02/2011,474
25/02/2011,478
28/02/2011,476
1/03/2011,475
2/03/2011,476
3/03/2011,478
4/03/2011,474
7/03/2011,473
8/03/2011,473
9/03/2011,476
10/03/2011,476
11/03/2011,483
14/03/2011,482
15/03/2011,481
16/03/2011,485
17/03/2011,484
18/03/2011,485
21/03/2011,482
22/03/2011,481
23/03/2011,482
24/03/2011,483
25/03/2011,480
28/03/2011,480
29/03/2011,481
30/03/2011,482
31/03/2011,482
1/04/2011,479
4/04/2011,477
5/04/2011,475
6/04/2011,475
7/04/2011,473
8/04/2011,473
11/04/2011,470
12/04/2011,471
13/04/2011,474
14/04/2011,473
15/04/2011,473
18/04/2011,472
19/04/2011,475
20/04/2011,474
21/04/2011,470
25/04/2011,468
26/04/2011,468
27/04/2011,465
28/04/2011,462
29/04/2011,460
2/05/2011,460
3/05/2011,462
4/05/2011,463
5/05/2011,463
6/05/2011,468
9/05/2011,467
10/05/2011,468
11/05/2011,466
12/05/2011,468
13/05/2011,468
16/05/2011,465
17/05/2011,469
18/05/2011,474
19/05/2011,472
20/05/2011,469
23/05/2011,468
24/05/2011,473
25/05/2011,471
26/05/2011,471
27/05/2011,470
30/05/2011,467
31/05/2011,467
1/06/2011,465
2/06/2011,467
3/06/2011,467
6/06/2011,468
7/06/2011,468
8/06/2011,467
9/06/2011,468
10/06/2011,467
13/06/2011,468
14/06/2011,467
15/06/2011,466
16/06/2011,468
17/06/2011,471
20/06/2011,471
21/06/2011,473
22/06/2011,471
23/06/2011,472
24/06/2011,475
28/06/2011,474
29/06/2011,473
30/06/2011,471
1/07/2011,468
4/07/2011,466
5/07/2011,465
6/07/2011,465
7/07/2011,465
8/07/2011,462
11/07/2011,463
12/07/2011,466
13/07/2011,467
14/07/2011,464
15/07/2011,462
18/07/2011,462
19/07/2011,464
20/07/2011,462
21/07/2011,462
22/07/2011,462
25/07/2011,461
26/07/2011,462
27/07/2011,459
28/07/2011,457
29/07/2011,456
1/08/2011,457
2/08/2011,459
3/08/2011,458
4/08/2011,460
5/08/2011,462
8/08/2011,464
9/08/2011,473
10/08/2011,474
11/08/2011,473
12/08/2011,474
16/08/2011,470
17/08/2011,472
18/08/2011,468
19/08/2011,470
22/08/2011,468
23/08/2011,468
24/08/2011,467
25/08/2011,467
26/08/2011,467
29/08/2011,467
30/08/2011,465
31/08/2011,466
1/09/2011,463
2/09/2011,461
5/09/2011,460
6/09/2011,462
7/09/2011,464
8/09/2011,463
9/09/2011,463
12/09/2011,467
13/09/2011,474
14/09/2011,476
15/09/2011,477
16/09/2011,479
20/09/2011,479
21/09/2011,488
22/09/2011,500
23/09/2011,522
26/09/2011,520
27/09/2011,512
28/09/2011,504
29/09/2011,509
30/09/2011,515
3/10/2011,522
4/10/2011,526
5/10/2011,534
6/10/2011,531
7/10/2011,523
11/10/2011,514
12/10/2011,513
13/10/2011,502
14/10/2011,504
17/10/2011,500
18/10/2011,502
19/10/2011,511
20/10/2011,509
21/10/2011,516
24/10/2011,513
25/10/2011,507
26/10/2011,504
27/10/2011,501
28/10/2011,492
2/11/2011,490
3/11/2011,501
4/11/2011,497
7/11/2011,494
8/11/2011,499
9/11/2011,497
10/11/2011,500
11/11/2011,501
14/11/2011,500
15/11/2011,501
16/11/2011,507
17/11/2011,512
18/11/2011,511
21/11/2011,510
22/11/2011,518
23/11/2011,518
24/11/2011,524
25/11/2011,522
28/11/2011,527
29/11/2011,521
30/11/2011,524
1/12/2011,517
2/12/2011,514
5/12/2011,513
6/12/2011,513
7/12/2011,513
9/12/2011,509
12/12/2011,510
13/12/2011,514
14/12/2011,515
15/12/2011,518
16/12/2011,519
19/12/2011,517
20/12/2011,520
21/12/2011,519
22/12/2011,523
23/12/2011,520
26/12/2011,520
27/12/2011,521
28/12/2011,522
29/12/2011,522
30/12/2011,521
2/01/2012,519
3/01/2012,518
4/01/2012,514
5/01/2012,512
6/01/2012,512
9/01/2012,510
10/01/2012,512
11/01/2012,509
12/01/2012,507
13/01/2012,501
16/01/2012,502
17/01/2012,501
18/01/2012,497
19/01/2012,497
20/01/2012,492
23/01/2012,492
24/01/2012,488
25/01/2012,493
26/01/2012,494
27/01/2012,486
30/01/2012,485
31/01/2012,489
1/02/2012,489
2/02/2012,488
3/02/2012,484
6/02/2012,479
7/02/2012,481
8/02/2012,480
9/02/2012,477
10/02/2012,475
13/02/2012,478
14/02/2012,478
15/02/2012,483
16/02/2012,483
17/02/2012,487
20/02/2012,484
21/02/2012,482
22/02/2012,482
23/02/2012,484
24/02/2012,481
27/02/2012,479
28/02/2012,481
29/02/2012,477
1/03/2012,476
2/03/2012,481
5/03/2012,484
6/03/2012,485
7/03/2012,490
8/03/2012,492
9/03/2012,485
12/03/2012,483
13/03/2012,485
14/03/2012,485
15/03/2012,486
16/03/2012,485
19/03/2012,481
20/03/2012,483
21/03/2012,486
22/03/2012,485
23/03/2012,488
26/03/2012,490
27/03/2012,486
28/03/2012,486
29/03/2012,489
30/03/2012,490
2/04/2012,487
3/04/2012,486
4/04/2012,482
5/04/2012,484
9/04/2012,485
10/04/2012,486
11/04/2012,487
12/04/2012,487
13/04/2012,484
16/04/2012,485
17/04/2012,487
18/04/2012,486
19/04/2012,487
20/04/2012,489
23/04/2012,486
24/04/2012,490
25/04/2012,487
26/04/2012,487
27/04/2012,485
30/04/2012,483
2/05/2012,485
3/05/2012,485
4/05/2012,482
7/05/2012,482
8/05/2012,483
9/05/2012,486
10/05/2012,490
11/05/2012,486
14/05/2012,488
15/05/2012,491
16/05/2012,497
17/05/2012,501
18/05/2012,504
22/05/2012,504
23/05/2012,505
24/05/2012,510
25/05/2012,508
28/05/2012,511
29/05/2012,510
30/05/2012,512
31/05/2012,518
1/06/2012,520
4/06/2012,520
5/06/2012,516
6/06/2012,512
7/06/2012,508
8/06/2012,502
11/06/2012,504
12/06/2012,502
13/06/2012,504
14/06/2012,502
15/06/2012,501
18/06/2012,499
19/06/2012,501
20/06/2012,495
21/06/2012,497
22/06/2012,500
25/06/2012,504
26/06/2012,508
27/06/2012,509
28/06/2012,505
29/06/2012,510
3/07/2012,502
4/07/2012,496
5/07/2012,496
6/07/2012,496
9/07/2012,499
10/07/2012,497
11/07/2012,493
12/07/2012,493
13/07/2012,494
17/07/2012,490
18/07/2012,489
19/07/2012,488
20/07/2012,486
23/07/2012,488
24/07/2012,493
25/07/2012,493
26/07/2012,492
27/07/2012,486
30/07/2012,484
31/07/2012,483
1/08/2012,482
2/08/2012,483
3/08/2012,485
6/08/2012,481
7/08/2012,479
8/08/2012,477
9/08/2012,477
10/08/2012,475
13/08/2012,478
14/08/2012,482
16/08/2012,482
17/08/2012,484
20/08/2012,484
21/08/2012,486
22/08/2012,482
23/08/2012,482
24/08/2012,480
27/08/2012,481
28/08/2012,481
29/08/2012,481
30/08/2012,481
31/08/2012,481
3/09/2012,480
4/09/2012,481
5/09/2012,481
6/09/2012,481
7/09/2012,477
10/09/2012,475
11/09/2012,475
12/09/2012,475
13/09/2012,474
14/09/2012,473
20/09/2012,470
21/09/2012,472
24/09/2012,472
25/09/2012,476
26/09/2012,471
27/09/2012,472
28/09/2012,470
1/10/2012,474
2/10/2012,473
3/10/2012,473
4/10/2012,473
5/10/2012,473
8/10/2012,472
9/10/2012,474
10/10/2012,474
11/10/2012,475
12/10/2012,473
16/10/2012,473
17/10/2012,472
18/10/2012,472
19/10/2012,473
22/10/2012,474
23/10/2012,476
24/10/2012,481
25/10/2012,482
26/10/2012,479
29/10/2012,480
30/10/2012,482
31/10/2012,480
5/11/2012,481
6/11/2012,482
7/11/2012,480
8/11/2012,480
9/11/2012,478
12/11/2012,480
13/11/2012,480
14/11/2012,484
15/11/2012,484
16/11/2012,484
19/11/2012,484
20/11/2012,481
21/11/2012,479
22/11/2012,478
23/11/2012,476
26/11/2012,478
27/11/2012,481
28/11/2012,481
29/11/2012,482
30/11/2012,479
3/12/2012,480
4/12/2012,481
5/12/2012,481
6/12/2012,480
7/12/2012,478
10/12/2012,477
11/12/2012,476
12/12/2012,475
13/12/2012,475
14/12/2012,475
17/12/2012,474
18/12/2012,475
19/12/2012,475
20/12/2012,474
21/12/2012,475
24/12/2012,476
26/12/2012,479
27/12/2012,479
28/12/2012,479
2/01/2013,480
3/01/2013,475
4/01/2013,473
7/01/2013,473
8/01/2013,471
9/01/2013,471
10/01/2013,471
11/01/2013,471
14/01/2013,472
15/01/2013,473
16/01/2013,475
17/01/2013,475
18/01/2013,473
21/01/2013,472
22/01/2013,472
23/01/2013,471
24/01/2013,471
25/01/2013,471
28/01/2013,471
29/01/2013,473
30/01/2013,473
31/01/2013,471
1/02/2013,471
4/02/2013,472
5/02/2013,472
6/02/2013,472
7/02/2013,473
8/02/2013,473
11/02/2013,473
12/02/2013,473
13/02/2013,472
14/02/2013,471
15/02/2013,471
18/02/2013,471
19/02/2013,472
20/02/2013,472
21/02/2013,473
22/02/2013,474
25/02/2013,473
26/02/2013,473
27/02/2013,473
28/02/2013,473
1/03/2013,473
4/03/2013,474
5/03/2013,475
6/03/2013,473
7/03/2013,473
8/03/2013,472
11/03/2013,472
12/03/2013,472
13/03/2013,471
14/03/2013,471
15/03/2013,471
18/03/2013,472
19/03/2013,472
20/03/2013,472
21/03/2013,473
22/03/2013,473
25/03/2013,473
26/03/2013,473
27/03/2013,473
28/03/2013,473
1/04/2013,472
2/04/2013,473
3/04/2013,473
4/04/2013,472
5/04/2013,471
8/04/2013,469
9/04/2013,467
10/04/2013,467
11/04/2013,469
12/04/2013,469
15/04/2013,469
16/04/2013,472
17/04/2013,472
18/04/2013,474
19/04/2013,476
22/04/2013,477
23/04/2013,478
24/04/2013,477
25/04/2013,475
26/04/2013,473
29/04/2013,472
30/04/2013,472
2/05/2013,471
3/05/2013,472
6/05/2013,470
7/05/2013,470
8/05/2013,470
9/05/2013,471
10/05/2013,472
13/05/2013,474
14/05/2013,476
15/05/2013,477
16/05/2013,479
17/05/2013,479
20/05/2013,481
22/05/2013,483
23/05/2013,485
24/05/2013,489
27/05/2013,489
28/05/2013,490
29/05/2013,490
30/05/2013,491
31/05/2013,493
3/06/2013,500
4/06/2013,502
5/06/2013,500
6/06/2013,502
7/06/2013,505
10/06/2013,502
11/06/2013,505
12/06/2013,504
13/06/2013,499
14/06/2013,497
17/06/2013,493
18/06/2013,493
19/06/2013,499
20/06/2013,501
21/06/2013,513
24/06/2013,514
25/06/2013,513
26/06/2013,509
27/06/2013,505
28/06/2013,504
1/07/2013,507
2/07/2013,505
3/07/2013,503
4/07/2013,503
5/07/2013,501
8/07/2013,507
9/07/2013,507
10/07/2013,508
11/07/2013,508
12/07/2013,506
15/07/2013,505
17/07/2013,502
18/07/2013,498
19/07/2013,500
22/07/2013,502
23/07/2013,503
24/07/2013,504
25/07/2013,504
26/07/2013,505
29/07/2013,507
30/07/2013,510
31/07/2013,514
1/08/2013,515
2/08/2013,514
5/08/2013,514
6/08/2013,512
7/08/2013,514
8/08/2013,516
9/08/2013,511
12/08/2013,507
13/08/2013,507
14/08/2013,511
16/08/2013,509
19/08/2013,510
20/08/2013,517
21/08/2013,516
22/08/2013,516
23/08/2013,514
26/08/2013,510
27/08/2013,511
28/08/2013,515
29/08/2013,514
30/08/2013,512
2/09/2013,510
3/09/2013,510
4/09/2013,510
5/09/2013,509
6/09/2013,509
9/09/2013,507
10/09/2013,508
11/09/2013,507
12/09/2013,504
13/09/2013,502
16/09/2013,504
17/09/2013,502
23/09/2013,503
24/09/2013,496
25/09/2013,497
26/09/2013,500
27/09/2013,500
30/09/2013,503
1/10/2013,504
2/10/2013,504
3/10/2013,503
4/10/2013,500
7/10/2013,499
8/10/2013,500
9/10/2013,499
10/10/2013,501
11/10/2013,498
14/10/2013,497
15/10/2013,499
16/10/2013,499
17/10/2013,497
18/10/2013,493
21/10/2013,496
22/10/2013,500
23/10/2013,500
24/10/2013,503
25/10/2013,505
28/10/2013,505
29/10/2013,507
30/10/2013,509
4/11/2013,508
5/11/2013,513
6/11/2013,515
7/11/2013,515
8/11/2013,515
11/11/2013,518
12/11/2013,520
13/11/2013,521
14/11/2013,522
15/11/2013,521
18/11/2013,521
19/11/2013,517
20/11/2013,519
21/11/2013,523
22/11/2013,523
25/11/2013,520
26/11/2013,521
27/11/2013,522
28/11/2013,524
29/11/2013,528
2/12/2013,530
3/12/2013,532
4/12/2013,533
5/12/2013,534
6/12/2013,531
9/12/2013,529
10/12/2013,527
11/12/2013,531
12/12/2013,532
13/12/2013,533
16/12/2013,530
17/12/2013,528
18/12/2013,526
19/12/2013,528
20/12/2013,530
23/12/2013,531
24/12/2013,528
26/12/2013,528
27/12/2013,525
30/12/2013,524
2/01/2014,525
3/01/2014,530
6/01/2014,529
7/01/2014,531
8/01/2014,532
9/01/2014,532
10/01/2014,534
13/01/2014,531
14/01/2014,528
15/01/2014,528
16/01/2014,530
17/01/2014,532
20/01/2014,537
21/01/2014,542
22/01/2014,544
23/01/2014,544
24/01/2014,546
27/01/2014,551
28/01/2014,548
29/01/2014,547
30/01/2014,549
31/01/2014,547
3/02/2014,554
4/02/2014,557
5/02/2014,558
6/02/2014,559
7/02/2014,556
10/02/2014,553
11/02/2014,555
12/02/2014,555
13/02/2014,553
14/02/2014,549
17/02/2014,547
18/02/2014,547
19/02/2014,548
20/02/2014,552
21/02/2014,555
24/02/2014,556
25/02/2014,555
26/02/2014,557
27/02/2014,559
28/02/2014,563
3/03/2014,559
4/03/2014,562
5/03/2014,558
6/03/2014,563
7/03/2014,560
10/03/2014,562
11/03/2014,570
12/03/2014,571
13/03/2014,573
14/03/2014,571
17/03/2014,572
18/03/2014,570
19/03/2014,571
20/03/2014,570
21/03/2014,568
24/03/2014,562
25/03/2014,563
26/03/2014,560
27/03/2014,556
28/03/2014,551
31/03/2014,551
1/04/2014,551
2/04/2014,551
3/04/2014,554
4/04/2014,556
7/04/2014,555
8/04/2014,554
9/04/2014,547
10/04/2014,548
11/04/2014,545
14/04/2014,548
15/04/2014,549
16/04/2014,554
17/04/2014,556
21/04/2014,558
22/04/2014,557
23/04/2014,562
24/04/2014,564
25/04/2014,560
28/04/2014,560
29/04/2014,560
30/04/2014,561
2/05/2014,565
5/05/2014,563
6/05/2014,565
7/05/2014,567
8/05/2014,566
9/05/2014,556
12/05/2014,556
13/05/2014,551
14/05/2014,549
15/05/2014,550
16/05/2014,554
19/05/2014,550
20/05/2014,549
22/05/2014,551
23/05/2014,551
26/05/2014,554
27/05/2014,554
28/05/2014,556
29/05/2014,553
30/05/2014,548
2/06/2014,551
3/06/2014,550
4/06/2014,551
5/06/2014,553
6/06/2014,552
9/06/2014,550
10/06/2014,550
11/06/2014,553
12/06/2014,554
13/06/2014,553
16/06/2014,555
17/06/2014,557
18/06/2014,559
19/06/2014,559
20/06/2014,557
23/06/2014,557
24/06/2014,553
25/06/2014,551
26/06/2014,550
27/06/2014,550
30/06/2014,551
1/07/2014,553
2/07/2014,552
3/07/2014,552
4/07/2014,551
7/07/2014,549
8/07/2014,550
9/07/2014,552
10/07/2014,554
11/07/2014,553
14/07/2014,554
15/07/2014,554
17/07/2014,556
18/07/2014,563
21/07/2014,567
22/07/2014,566
23/07/2014,564
24/07/2014,564
25/07/2014,563
28/07/2014,563
29/07/2014,564
30/07/2014,566
31/07/2014,571
1/08/2014,573
4/08/2014,573
5/08/2014,572
6/08/2014,577
7/08/2014,577
8/08/2014,576
11/08/2014,576
12/08/2014,574
13/08/2014,576
14/08/2014,576
18/08/2014,576
19/08/2014,576
20/08/2014,579
21/08/2014,583
22/08/2014,583
25/08/2014,583
26/08/2014,583
27/08/2014,585
28/08/2014,589
29/08/2014,593
1/09/2014,591
2/09/2014,589
3/09/2014,592
4/09/2014,589
5/09/2014,591
8/09/2014,586
9/09/2014,585
10/09/2014,592
11/09/2014,591
12/09/2014,590
15/09/2014,591
16/09/2014,595
17/09/2014,594
22/09/2014,594
23/09/2014,600
24/09/2014,600
25/09/2014,599
26/09/2014,599
29/09/2014,600
30/09/2014,602
1/10/2014,599
2/10/2014,597
3/10/2014,596
6/10/2014,599
7/10/2014,598
8/10/2014,597
9/10/2014,595
10/10/2014,592
13/10/2014,594
14/10/2014,590
15/10/2014,588
16/10/2014,588
17/10/2014,591
20/10/2014,588
21/10/2014,587
22/10/2014,584
23/10/2014,584
24/10/2014,584
27/10/2014,584
28/10/2014,585
29/10/2014,582
30/10/2014,577
3/11/2014,577
4/11/2014,581
5/11/2014,586
6/11/2014,588
7/11/2014,590
10/11/2014,590
11/11/2014,586
12/11/2014,591
13/11/2014,592
14/11/2014,594
17/11/2014,596
18/11/2014,595
19/11/2014,596
20/11/2014,600
21/11/2014,600
24/11/2014,595
25/11/2014,594
26/11/2014,598
27/11/2014,600
28/11/2014,599
1/12/2014,605
2/12/2014,611
3/12/2014,615
4/12/2014,612
5/12/2014,612
9/12/2014,611
10/12/2014,614
11/12/2014,615
12/12/2014,616
15/12/2014,617
16/12/2014,618
17/12/2014,621
18/12/2014,619
19/12/2014,614
22/12/2014,613
23/12/2014,610
24/12/2014,608
26/12/2014,609
29/12/2014,608
30/12/2014,607
2/01/2015,607
5/01/2015,612
6/01/2015,617
7/01/2015,616
8/01/2015,615
9/01/2015,613
12/01/2015,614
13/01/2015,617
14/01/2015,618
15/01/2015,625
16/01/2015,624
19/01/2015,627
20/01/2015,629
21/01/2015,627
22/01/2015,628
23/01/2015,626
26/01/2015,626
27/01/2015,626
28/01/2015,623
29/01/2015,622
30/01/2015,626
2/02/2015,632
3/02/2015,632
4/02/2015,627
5/02/2015,627
6/02/2015,625
9/02/2015,623
10/02/2015,626
11/02/2015,626
12/02/2015,628
13/02/2015,627
16/02/2015,620
17/02/2015,620
18/02/2015,620
19/02/2015,620
20/02/2015,620
23/02/2015,617
24/02/2015,621
25/02/2015,623
26/02/2015,620
27/02/2015,618
2/03/2015,619
3/03/2015,617
4/03/2015,618
5/03/2015,620
6/03/2015,620
9/03/2015,625
10/03/2015,628
11/03/2015,633
12/03/2015,638
13/03/2015,634
16/03/2015,639
17/03/2015,639
18/03/2015,641
19/03/2015,642
20/03/2015,639
23/03/2015,636
24/03/2015,627
25/03/2015,624
26/03/2015,620
27/03/2015,621
30/03/2015,623
31/03/2015,627
1/04/2015,627
2/04/2015,618
6/04/2015,615
7/04/2015,611
8/04/2015,611
9/04/2015,611
10/04/2015,614
13/04/2015,619
14/04/2015,621
15/04/2015,614
16/04/2015,617
17/04/2015,612
20/04/2015,613
21/04/2015,615
22/04/2015,616
23/04/2015,618
24/04/2015,618
27/04/2015,614
28/04/2015,611
29/04/2015,606
30/04/2015,607
4/05/2015,611
5/05/2015,614
6/05/2015,612
7/05/2015,609
8/05/2015,611
11/05/2015,606
12/05/2015,607
13/05/2015,607
14/05/2015,601
15/05/2015,598
18/05/2015,597
19/05/2015,599
20/05/2015,603
22/05/2015,605
25/05/2015,608
26/05/2015,610
27/05/2015,613
28/05/2015,616
29/05/2015,617
1/06/2015,617
2/06/2015,622
3/06/2015,622
4/06/2015,626
5/06/2015,628
8/06/2015,636
9/06/2015,634
10/06/2015,627
11/06/2015,624
12/06/2015,632
15/06/2015,631
16/06/2015,634
17/06/2015,634
18/06/2015,638
19/06/2015,630
22/06/2015,632
23/06/2015,631
24/06/2015,635
25/06/2015,633
26/06/2015,632
30/06/2015,635
1/07/2015,639
2/07/2015,639
3/07/2015,637
6/07/2015,636
7/07/2015,642
8/07/2015,648
9/07/2015,652
10/07/2015,647
13/07/2015,646
14/07/2015,648
15/07/2015,644
17/07/2015,643
20/07/2015,645
21/07/2015,649
22/07/2015,651
23/07/2015,654
24/07/2015,654
27/07/2015,661
28/07/2015,665
29/07/2015,665
30/07/2015,666
31/07/2015,672
3/08/2015,671
4/08/2015,678
5/08/2015,677
6/08/2015,683
7/08/2015,684
10/08/2015,678
11/08/2015,676
12/08/2015,680
13/08/2015,682
14/08/2015,685
17/08/2015,684
18/08/2015,689
19/08/2015,697
20/08/2015,695
21/08/2015,694
24/08/2015,694
25/08/2015,706
26/08/2015,700
27/08/2015,706
28/08/2015,700
31/08/2015,690
1/09/2015,695
2/09/2015,692
3/09/2015,688
4/09/2015,688
7/09/2015,691
8/09/2015,694
9/09/2015,688
10/09/2015,688
11/09/2015,691
14/09/2015,685
15/09/2015,689
16/09/2015,686
17/09/2015,680
21/09/2015,677
22/09/2015,683
23/09/2015,696
24/09/2015,700
25/09/2015,706
28/09/2015,698
29/09/2015,705
30/09/2015,705
1/10/2015,699
2/10/2015,696
5/10/2015,695
6/10/2015,686
7/10/2015,681
8/10/2015,679
9/10/2015,682
13/10/2015,675
14/10/2015,683
15/10/2015,681
16/10/2015,676
19/10/2015,674
20/10/2015,679
21/10/2015,684
22/10/2015,693
23/10/2015,692
26/10/2015,687
27/10/2015,686
28/10/2015,687
29/10/2015,687
30/10/2015,690
2/11/2015,690
3/11/2015,692
4/11/2015,691
5/11/2015,689
6/11/2015,693
9/11/2015,697
10/11/2015,701
11/11/2015,703
12/11/2015,699
13/11/2015,703
16/11/2015,705
17/11/2015,710
18/11/2015,710
19/11/2015,714
20/11/2015,712
23/11/2015,709
24/11/2015,716
25/11/2015,711
26/11/2015,713
27/11/2015,712
30/11/2015,713
1/12/2015,711
2/12/2015,707
3/12/2015,703
4/12/2015,702
7/12/2015,701
9/12/2015,706
10/12/2015,705
11/12/2015,704
14/12/2015,707
15/12/2015,712
16/12/2015,710
17/12/2015,709
18/12/2015,709
21/12/2015,703
22/12/2015,694
23/12/2015,694
24/12/2015,696
28/12/2015,701
29/12/2015,704
30/12/2015,707
4/01/2016,710
5/01/2016,717
6/01/2016,715
7/01/2016,716
8/01/2016,721
11/01/2016,723
12/01/2016,730
13/01/2016,730
14/01/2016,727
15/01/2016,726
18/01/2016,730
19/01/2016,730
20/01/2016,726
21/01/2016,729
22/01/2016,727
25/01/2016,716
26/01/2016,717
27/01/2016,720
28/01/2016,716
29/01/2016,712
1/02/2016,710
2/02/2016,714
3/02/2016,714
4/02/2016,709
5/02/2016,698
8/02/2016,700
9/02/2016,710
10/02/2016,715
11/02/2016,711
12/02/2016,713
15/02/2016,709
16/02/2016,701
17/02/2016,705
18/02/2016,705
19/02/2016,701
22/02/2016,702
23/02/2016,694
24/02/2016,693
25/02/2016,698
26/02/2016,691
29/02/2016,689
1/03/2016,694
2/03/2016,695
3/03/2016,688
4/03/2016,687
7/03/2016,681
8/03/2016,682
9/03/2016,682
10/03/2016,679
11/03/2016,678
14/03/2016,683
15/03/2016,685
16/03/2016,686
17/03/2016,688
18/03/2016,672
21/03/2016,672
22/03/2016,678
23/03/2016,677
24/03/2016,677
28/03/2016,682
29/03/2016,681
30/03/2016,683
31/03/2016,675
1/04/2016,670
4/04/2016,671
5/04/2016,670
6/04/2016,675
7/04/2016,677
8/04/2016,681
11/04/2016,682
12/04/2016,682
13/04/2016,675
14/04/2016,671
15/04/2016,668
18/04/2016,667
19/04/2016,666
20/04/2016,658
21/04/2016,660
22/04/2016,660
25/04/2016,667
26/04/2016,668
27/04/2016,669
28/04/2016,668
29/04/2016,663
2/05/2016,659
3/05/2016,661
4/05/2016,668
5/05/2016,670
6/05/2016,667
9/05/2016,667
10/05/2016,671
11/05/2016,677
12/05/2016,679
13/05/2016,683
16/05/2016,689
17/05/2016,693
18/05/2016,693
19/05/2016,691
20/05/2016,697
23/05/2016,692
24/05/2016,694
25/05/2016,693
26/05/2016,692
27/05/2016,687
30/05/2016,687
31/05/2016,690
1/06/2016,690
2/06/2016,694
3/06/2016,691
6/06/2016,683
7/06/2016,681
8/06/2016,680
9/06/2016,673
10/06/2016,678
13/06/2016,684
14/06/2016,685
15/06/2016,688
16/06/2016,686
17/06/2016,690
20/06/2016,686
21/06/2016,680
22/06/2016,676
23/06/2016,673
24/06/2016,670
28/06/2016,680
29/06/2016,674
30/06/2016,661
1/07/2016,661
4/07/2016,660
5/07/2016,659
6/07/2016,661
7/07/2016,665
8/07/2016,664
11/07/2016,662
12/07/2016,658
13/07/2016,658
14/07/2016,658
15/07/2016,651
18/07/2016,651
19/07/2016,651
20/07/2016,652
21/07/2016,651
22/07/2016,650
25/07/2016,651
26/07/2016,656
27/07/2016,661
28/07/2016,665
29/07/2016,665
1/08/2016,657
2/08/2016,657
3/08/2016,655
4/08/2016,657
5/08/2016,657
8/08/2016,657
9/08/2016,655
10/08/2016,653
11/08/2016,649
12/08/2016,645
16/08/2016,648
17/08/2016,649
18/08/2016,657
19/08/2016,656
22/08/2016,661
23/08/2016,667
24/08/2016,669
25/08/2016,671
26/08/2016,666
29/08/2016,663
30/08/2016,671
31/08/2016,673
1/09/2016,679
2/09/2016,680
5/09/2016,675
6/09/2016,674
7/09/2016,669
8/09/2016,661
9/09/2016,662
12/09/2016,671
13/09/2016,674
14/09/2016,673
15/09/2016,675
16/09/2016,671
20/09/2016,675
21/09/2016,673
22/09/2016,667
23/09/2016,657
26/09/2016,660
27/09/2016,662
28/09/2016,662
29/09/2016,662
30/09/2016,659
3/10/2016,658
4/10/2016,659
5/10/2016,662
6/10/2016,665
7/10/2016,667
11/10/2016,668
12/10/2016,667
13/10/2016,667
14/10/2016,671
17/10/2016,670
18/10/2016,671
19/10/2016,668
20/10/2016,667
21/10/2016,667
24/10/2016,667
25/10/2016,660
26/10/2016,654
27/10/2016,654
28/10/2016,652
2/11/2016,651
3/11/2016,654
4/11/2016,651
7/11/2016,655
8/11/2016,655
9/11/2016,651
10/11/2016,651
11/11/2016,656
14/11/2016,663
15/11/2016,668
16/11/2016,669
17/11/2016,676
18/11/2016,674
21/11/2016,678
22/11/2016,675
23/11/2016,674
24/11/2016,679
25/11/2016,678
28/11/2016,678
29/11/2016,676
30/11/2016,675
1/12/2016,674
2/12/2016,675
5/12/2016,673
6/12/2016,669
7/12/2016,662
9/12/2016,656
12/12/2016,654
13/12/2016,649
14/12/2016,650
15/12/2016,655
16/12/2016,664
19/12/2016,670
20/12/2016,677
21/12/2016,676
22/12/2016,672
23/12/2016,675
26/12/2016,673
27/12/2016,673
28/12/2016,674
29/12/2016,673
30/12/2016,667
3/01/2017,669
4/01/2017,673
5/01/2017,672
6/01/2017,666
9/01/2017,665
10/01/2017,670
11/01/2017,671
12/01/2017,672
13/01/2017,663
16/01/2017,660
17/01/2017,661
18/01/2017,658
19/01/2017,659
20/01/2017,660
23/01/2017,659
24/01/2017,653
25/01/2017,654
26/01/2017,651
27/01/2017,648
30/01/2017,650
31/01/2017,649
1/02/2017,646
2/02/2017,647
3/02/2017,643
6/02/2017,642
7/02/2017,639
8/02/2017,646
9/02/2017,647
10/02/2017,647
13/02/2017,643
14/02/2017,642
15/02/2017,642
16/02/2017,640
17/02/2017,638
20/02/2017,643
21/02/2017,642
22/02/2017,644
23/02/2017,642
24/02/2017,640
27/02/2017,646
28/02/2017,645
1/03/2017,649
2/03/2017,651
3/03/2017,654
6/03/2017,656
7/03/2017,659
8/03/2017,660
9/03/2017,662
10/03/2017,665
13/03/2017,663
14/03/2017,665
15/03/2017,669
16/03/2017,670
17/03/2017,661
20/03/2017,661
21/03/2017,662
22/03/2017,658
23/03/2017,663
24/03/2017,662
27/03/2017,662
28/03/2017,664
29/03/2017,666
30/03/2017,664
31/03/2017,663
3/04/2017,664
4/04/2017,658
5/04/2017,661
6/04/2017,658
7/04/2017,657
10/04/2017,656
11/04/2017,654
12/04/2017,653
13/04/2017,654
17/04/2017,650
18/04/2017,647
20/04/2017,648
21/04/2017,649
24/04/2017,651
25/04/2017,654
26/04/2017,660
27/04/2017,665
28/04/2017,664
2/05/2017,665
3/05/2017,667
4/05/2017,669
5/05/2017,674
8/05/2017,675
9/05/2017,676
10/05/2017,679
11/05/2017,673
12/05/2017,672
15/05/2017,671
16/05/2017,668
17/05/2017,666
18/05/2017,669
19/05/2017,676
22/05/2017,670
23/05/2017,668
24/05/2017,672
25/05/2017,674
26/05/2017,669
29/05/2017,670
30/05/2017,674
31/05/2017,675
1/06/2017,672
2/06/2017,672
5/06/2017,670
6/06/2017,669
7/06/2017,669
8/06/2017,668
9/06/2017,666
12/06/2017,664
13/06/2017,662
14/06/2017,662
15/06/2017,659
16/06/2017,665
19/06/2017,664
20/06/2017,662
21/06/2017,664
22/06/2017,665
23/06/2017,664
27/06/2017,662
28/06/2017,662
29/06/2017,662
30/06/2017,663
3/07/2017,664
4/07/2017,662
5/07/2017,663
6/07/2017,666
7/07/2017,666
10/07/2017,667
11/07/2017,667
12/07/2017,667
13/07/2017,663
14/07/2017,661
17/07/2017,658
18/07/2017,657
19/07/2017,656
20/07/2017,654
21/07/2017,652
24/07/2017,652
25/07/2017,651
26/07/2017,649
27/07/2017,649
28/07/2017,648
31/07/2017,652
1/08/2017,652
2/08/2017,652
3/08/2017,653
4/08/2017,650
7/08/2017,650
8/08/2017,651
9/08/2017,650
10/08/2017,650
11/08/2017,647
14/08/2017,648
16/08/2017,648
17/08/2017,646
18/08/2017,645
21/08/2017,647
22/08/2017,643
23/08/2017,641
24/08/2017,641
25/08/2017,639
28/08/2017,637
29/08/2017,630
30/08/2017,627
31/08/2017,628
1/09/2017,629
4/09/2017,624
5/09/2017,625
6/09/2017,622
7/09/2017,621
8/09/2017,616
11/09/2017,618
12/09/2017,622
13/09/2017,624
14/09/2017,626
15/09/2017,627
20/09/2017,626
21/09/2017,622
22/09/2017,624
25/09/2017,624
26/09/2017,628
27/09/2017,633
28/09/2017,638
29/09/2017,637
2/10/2017,638
3/10/2017,641
4/10/2017,636
5/10/2017,631
6/10/2017,629
10/10/2017,633
11/10/2017,629
12/10/2017,627
13/10/2017,625
16/10/2017,622
17/10/2017,620
18/10/2017,622
19/10/2017,625
20/10/2017,626
23/10/2017,629
24/10/2017,631
25/10/2017,632
26/10/2017,631
30/10/2017,630
31/10/2017,636
2/11/2017,637
3/11/2017,632
6/11/2017,631
7/11/2017,633
8/11/2017,634
9/11/2017,632
10/11/2017,631
13/11/2017,631
14/11/2017,632
15/11/2017,631
16/11/2017,632
17/11/2017,630
20/11/2017,629
21/11/2017,637
22/11/2017,636
23/11/2017,635
24/11/2017,634
27/11/2017,634
28/11/2017,636
29/11/2017,641
30/11/2017,642
1/12/2017,645
4/12/2017,649
5/12/2017,648
6/12/2017,653
7/12/2017,654
11/12/2017,655
12/12/2017,656
13/12/2017,656
14/12/2017,649
15/12/2017,641
18/12/2017,638
19/12/2017,623
20/12/2017,621
21/12/2017,621
22/12/2017,621
26/12/2017,622
27/12/2017,619
28/12/2017,617
29/12/2017,615
2/01/2018,615
3/01/2018,609
4/01/2018,605
5/01/2018,604
8/01/2018,606
9/01/2018,606
10/01/2018,607
11/01/2018,609
12/01/2018,608
15/01/2018,604
16/01/2018,602
17/01/2018,602
18/01/2018,605
19/01/2018,605
22/01/2018,607
23/01/2018,606
24/01/2018,608
25/01/2018,604
26/01/2018,599
29/01/2018,600
30/01/2018,605
31/01/2018,604
1/02/2018,603
2/02/2018,599
5/02/2018,601
6/02/2018,603
7/02/2018,601
8/02/2018,597
9/02/2018,601
12/02/2018,603
13/02/2018,600
14/02/2018,597
15/02/2018,597
16/02/2018,593
19/02/2018,593
20/02/2018,595
21/02/2018,596
22/02/2018,595
23/02/2018,595
26/02/2018,592
27/02/2018,588
28/02/2018,589
1/03/2018,594
2/03/2018,596
5/03/2018,598
6/03/2018,601
7/03/2018,596
8/03/2018,602
9/03/2018,605
12/03/2018,604
13/03/2018,604
14/03/2018,602
15/03/2018,601
16/03/2018,604
19/03/2018,608
20/03/2018,609
21/03/2018,610
22/03/2018,607
23/03/2018,608
26/03/2018,608
27/03/2018,606
28/03/2018,606
29/03/2018,605
2/04/2018,603
3/04/2018,604
4/04/2018,604
5/04/2018,605
6/04/2018,603
9/04/2018,605
10/04/2018,605
11/04/2018,602
12/04/2018,599
13/04/2018,597
16/04/2018,595
17/04/2018,596
18/04/2018,596
19/04/2018,594
20/04/2018,594
23/04/2018,596
24/04/2018,601
25/04/2018,600
26/04/2018,603
27/04/2018,603
30/04/2018,606
2/05/2018,611
3/05/2018,618
4/05/2018,619
7/05/2018,621
8/05/2018,627
9/05/2018,636
10/05/2018,633
11/05/2018,627
14/05/2018,619
15/05/2018,623
16/05/2018,633
17/05/2018,631
18/05/2018,632
22/05/2018,637
23/05/2018,627
24/05/2018,625
25/05/2018,624
28/05/2018,625
29/05/2018,624
30/05/2018,628
31/05/2018,628
1/06/2018,631
4/06/2018,632
5/06/2018,630
6/06/2018,634
7/06/2018,629
8/06/2018,631
11/06/2018,630
12/06/2018,633
13/06/2018,634
14/06/2018,635
15/06/2018,634
18/06/2018,636
19/06/2018,637
20/06/2018,642
21/06/2018,639
22/06/2018,641
25/06/2018,637
26/06/2018,639
27/06/2018,640
28/06/2018,646
29/06/2018,648
3/07/2018,651
4/07/2018,652
5/07/2018,653
6/07/2018,655
9/07/2018,657
10/07/2018,652
11/07/2018,650
12/07/2018,652
13/07/2018,648
17/07/2018,649
18/07/2018,654
19/07/2018,656
20/07/2018,662
23/07/2018,659
24/07/2018,662
25/07/2018,656
26/07/2018,649
27/07/2018,648
30/07/2018,643
31/07/2018,639
1/08/2018,639
2/08/2018,641
3/08/2018,644
6/08/2018,644
7/08/2018,647
8/08/2018,642
9/08/2018,644
10/08/2018,646
13/08/2018,654
14/08/2018,659
16/08/2018,662
17/08/2018,666
20/08/2018,668
21/08/2018,670
22/08/2018,665
23/08/2018,661
24/08/2018,666
27/08/2018,663
28/08/2018,657
29/08/2018,658
30/08/2018,667
31/08/2018,675
3/09/2018,680
4/09/2018,684
5/09/2018,693
6/09/2018,691
7/09/2018,685
10/09/2018,688
11/09/2018,693
12/09/2018,698
13/09/2018,691
14/09/2018,683
20/09/2018,685
21/09/2018,674
24/09/2018,666
25/09/2018,667
26/09/2018,671
27/09/2018,664
28/09/2018,662
1/10/2018,660
2/10/2018,656
3/10/2018,659
4/10/2018,659
5/10/2018,670
8/10/2018,673
9/10/2018,681
10/10/2018,683
11/10/2018,684
12/10/2018,684
16/10/2018,678
17/10/2018,670
18/10/2018,670
19/10/2018,675
22/10/2018,677
23/10/2018,680
24/10/2018,685
25/10/2018,687
26/10/2018,687
29/10/2018,690
30/10/2018,688
31/10/2018,693
5/11/2018,699
6/11/2018,683
7/11/2018,680
8/11/2018,676
9/11/2018,676
12/11/2018,681
13/11/2018,685
14/11/2018,689
15/11/2018,687
16/11/2018,678
19/11/2018,672
20/11/2018,670
21/11/2018,671
22/11/2018,669
23/11/2018,667
26/11/2018,673
27/11/2018,676
28/11/2018,676
29/11/2018,672
30/11/2018,669
3/12/2018,671
4/12/2018,666
5/12/2018,669
6/12/2018,672
7/12/2018,678
10/12/2018,674
11/12/2018,677
12/12/2018,680
13/12/2018,679
14/12/2018,681
17/12/2018,686
18/12/2018,685
19/12/2018,689
20/12/2018,688
21/12/2018,688
24/12/2018,692
26/12/2018,693
27/12/2018,694
28/12/2018,696
2/01/2019,695
3/01/2019,697
4/01/2019,698
7/01/2019,688
8/01/2019,680
9/01/2019,680
10/01/2019,678
11/01/2019,678
14/01/2019,675
15/01/2019,675
16/01/2019,674
17/01/2019,673
18/01/2019,671
21/01/2019,670
22/01/2019,672
23/01/2019,672
24/01/2019,672
25/01/2019,672
28/01/2019,667
29/01/2019,671
30/01/2019,670
31/01/2019,667
1/02/2019,658
4/02/2019,655
5/02/2019,654
6/02/2019,653
7/02/2019,654
8/02/2019,654
11/02/2019,656
12/02/2019,661
13/02/2019,660
14/02/2019,662
15/02/2019,666
18/02/2019,664
19/02/2019,661
20/02/2019,659
21/02/2019,655
22/02/2019,654
25/02/2019,651
26/02/2019,649
27/02/2019,650
28/02/2019,650
1/03/2019,652
4/03/2019,657
5/03/2019,659
6/03/2019,657
7/03/2019,658
8/03/2019,662
11/03/2019,671
12/03/2019,669
13/03/2019,667
14/03/2019,666
15/03/2019,671
18/03/2019,669
19/03/2019,667
20/03/2019,665
21/03/2019,666
22/03/2019,665
25/03/2019,677
26/03/2019,679
27/03/2019,679
28/03/2019,684
29/03/2019,681
1/04/2019,679
2/04/2019,673
3/04/2019,670
4/04/2019,668
5/04/2019,666
8/04/2019,664
9/04/2019,663
10/04/2019,663
11/04/2019,663
12/04/2019,664
15/04/2019,661
16/04/2019,663
17/04/2019,664
18/04/2019,660
22/04/2019,662
23/04/2019,664
24/04/2019,668
25/04/2019,673
26/04/2019,676
29/04/2019,674
30/04/2019,678
2/05/2019,679
3/05/2019,683
6/05/2019,679
7/05/2019,681
8/05/2019,683
9/05/2019,685
10/05/2019,686
13/05/2019,686
14/05/2019,693
15/05/2019,692
16/05/2019,693
17/05/2019,693
20/05/2019,697
22/05/2019,697
23/05/2019,697
24/05/2019,698
27/05/2019,695
28/05/2019,696
29/05/2019,703
30/05/2019,708
31/05/2019,708
3/06/2019,710
4/06/2019,705
5/06/2019,697
6/06/2019,693
7/06/2019,692
10/06/2019,692
11/06/2019,697
12/06/2019,694
13/06/2019,695
14/06/2019,696
17/06/2019,699
18/06/2019,700
19/06/2019,697
20/06/2019,694
21/06/2019,684
24/06/2019,683
25/06/2019,682
26/06/2019,678
27/06/2019,680
28/06/2019,680
1/07/2019,679
2/07/2019,678
3/07/2019,681
4/07/2019,680
5/07/2019,678
8/07/2019,683
9/07/2019,686
10/07/2019,689
11/07/2019,685
12/07/2019,683
15/07/2019,681
17/07/2019,679
18/07/2019,682
19/07/2019,683
22/07/2019,686
23/07/2019,688
24/07/2019,692
25/07/2019,691
26/07/2019,694
29/07/2019,697
30/07/2019,697
31/07/2019,700
1/08/2019,701
2/08/2019,705
5/08/2019,711
6/08/2019,722
7/08/2019,716
8/08/2019,719
9/08/2019,711
12/08/2019,712
13/08/2019,717
14/08/2019,708
16/08/2019,710
19/08/2019,709
20/08/2019,712
21/08/2019,711
22/08/2019,710
23/08/2019,713
26/08/2019,716
27/08/2019,719
28/08/2019,722
29/08/2019,724
30/08/2019,721
2/09/2019,720
3/09/2019,725
4/09/2019,726
5/09/2019,723
6/09/2019,718
9/09/2019,711
10/09/2019,714
11/09/2019,715
12/09/2019,714
13/09/2019,711
16/09/2019,707
17/09/2019,710
23/09/2019,715
24/09/2019,722
25/09/2019,722
26/09/2019,727
27/09/2019,726
30/09/2019,726
1/10/2019,728
2/10/2019,729
3/10/2019,728
4/10/2019,720
7/10/2019,716
8/10/2019,717
9/10/2019,722
10/10/2019,724
11/10/2019,721
14/10/2019,713
15/10/2019,712
16/10/2019,715
17/10/2019,719
18/10/2019,713
21/10/2019,710
22/10/2019,724
23/10/2019,726
24/10/2019,726
25/10/2019,723
28/10/2019,726
29/10/2019,724
30/10/2019,726
4/11/2019,735
5/11/2019,737
6/11/2019,746
7/11/2019,744
8/11/2019,740
11/11/2019,746
12/11/2019,756
13/11/2019,784
14/11/2019,795
15/11/2019,802
18/11/2019,783
19/11/2019,774
20/11/2019,783
21/11/2019,797
22/11/2019,795
25/11/2019,796
26/11/2019,791
27/11/2019,793
28/11/2019,806
29/11/2019,828
2/12/2019,812
3/12/2019,804
4/12/2019,802
5/12/2019,797
6/12/2019,784
9/12/2019,779
10/12/2019,771
11/12/2019,778
12/12/2019,773
13/12/2019,769
16/12/2019,767
17/12/2019,763
18/12/2019,757
19/12/2019,752
20/12/2019,753
23/12/2019,750
24/12/2019,754
26/12/2019,751
27/12/2019,747
30/12/2019,745
2/01/2020,749
3/01/2020,754
6/01/2020,758
7/01/2020,772
8/01/2020,773
9/01/2020,767
10/01/2020,765
13/01/2020,771
14/01/2020,778
15/01/2020,772
16/01/2020,772
17/01/2020,773
20/01/2020,771
21/01/2020,770
22/01/2020,771
23/01/2020,772
24/01/2020,772
27/01/2020,777
28/01/2020,788
29/01/2020,788
30/01/2020,788
31/01/2020,798
3/02/2020,799
4/02/2020,791
5/02/2020,782
6/02/2020,777
7/02/2020,779
10/02/2020,789
11/02/2020,796
12/02/2020,792
13/02/2020,788
14/02/2020,795
17/02/2020,793
18/02/2020,792
19/02/2020,797
20/02/2020,797
21/02/2020,805
24/02/2020,810
25/02/2020,810
26/02/2020,808
27/02/2020,811
28/02/2020,816
2/03/2020,818
3/03/2020,817
4/03/2020,810
5/03/2020,812
6/03/2020,823
9/03/2020,829
10/03/2020,841
11/03/2020,834
12/03/2020,835
13/03/2020,852
16/03/2020,837
17/03/2020,851
18/03/2020,855
19/03/2020,863
20/03/2020,868
23/03/2020,851
24/03/2020,861
25/03/2020,847
26/03/2020,844
27/03/2020,836
30/03/2020,835
31/03/2020,846
1/04/2020,852
2/04/2020,864
3/04/2020,862
6/04/2020,864
7/04/2020,854
8/04/2020,842
9/04/2020,852
13/04/2020,839
14/04/2020,845
15/04/2020,849
16/04/2020,859
17/04/2020,853
20/04/2020,849
21/04/2020,856
22/04/2020,862
23/04/2020,857
24/04/2020,859
27/04/2020,860
28/04/2020,857
29/04/2020,850
30/04/2020,837
4/05/2020,838
5/05/2020,839
6/05/2020,833
7/05/2020,839
8/05/2020,836
11/05/2020,828
12/05/2020,826
13/05/2020,822
14/05/2020,820
15/05/2020,823
18/05/2020,824
19/05/2020,821
20/05/2020,819
22/05/2020,806
25/05/2020,806
26/05/2020,804
27/05/2020,802
28/05/2020,816
29/05/2020,813
1/06/2020,806
2/06/2020,796
3/06/2020,783
4/06/2020,769
5/06/2020,776
8/06/2020,765
9/06/2020,769
10/06/2020,772
11/06/2020,768
12/06/2020,785
15/06/2020,791
16/06/2020,797
17/06/2020,779
18/06/2020,799
19/06/2020,812
22/06/2020,817
23/06/2020,816
24/06/2020,818
25/06/2020,821
26/06/2020,813
30/06/2020,816
1/07/2020,821
2/07/2020,816
3/07/2020,804
6/07/2020,801
7/07/2020,799
8/07/2020,794
9/07/2020,786
10/07/2020,782
13/07/2020,791
14/07/2020,788
15/07/2020,788
17/07/2020,788
20/07/2020,787
21/07/2020,786
22/07/2020,778
23/07/2020,769
24/07/2020,767
27/07/2020,769
28/07/2020,769
29/07/2020,768
30/07/2020,759
31/07/2020,754
3/08/2020,757
4/08/2020,761
5/08/2020,768
6/08/2020,775
7/08/2020,777
10/08/2020,784
11/08/2020,797
12/08/2020,794
13/08/2020,793
14/08/2020,793
17/08/2020,797
18/08/2020,803
19/08/2020,796
20/08/2020,784
21/08/2020,786
24/08/2020,791
25/08/2020,786
26/08/2020,784
27/08/2020,787
28/08/2020,784
31/08/2020,780
1/09/2020,776
2/09/2020,771
3/09/2020,771
4/09/2020,774
7/09/2020,774
8/09/2020,773
9/09/2020,777
10/09/2020,768
11/09/2020,765
14/09/2020,768
15/09/2020,767
16/09/2020,760
17/09/2020,762
21/09/2020,764
22/09/2020,773
23/09/2020,773
24/09/2020,781
25/09/2020,788
28/09/2020,787
29/09/2020,784
30/09/2020,784
1/10/2020,788
2/10/2020,785
5/10/2020,791
6/10/2020,794
7/10/2020,797
8/10/2020,795
9/10/2020,797
13/10/2020,796
14/10/2020,798
15/10/2020,799
16/10/2020,802
19/10/2020,796
20/10/2020,788
21/10/2020,787
22/10/2020,784
23/10/2020,781
26/10/2020,778
27/10/2020,780
28/10/2020,772
29/10/2020,776
30/10/2020,770
2/11/2020,772
3/11/2020,769
4/11/2020,759
5/11/2020,757
6/11/2020,752
9/11/2020,759
10/11/2020,754
11/11/2020,761
12/11/2020,757
13/11/2020,757
16/11/2020,767
17/11/2020,768
18/11/2020,767
19/11/2020,758
20/11/2020,759
23/11/2020,762
24/11/2020,766
25/11/2020,773
26/11/2020,772
27/11/2020,766
30/11/2020,767
1/12/2020,767
2/12/2020,760
3/12/2020,755
4/12/2020,752
7/12/2020,748
9/12/2020,745
10/12/2020,739
11/12/2020,738
14/12/2020,734
15/12/2020,732
16/12/2020,734
17/12/2020,735
18/12/2020,723
21/12/2020,724
22/12/2020,731
23/12/2020,729
24/12/2020,716
28/12/2020,710
29/12/2020,711
30/12/2020,711
4/01/2021,711
5/01/2021,703
6/01/2021,702
7/01/2021,696
8/01/2021,710
11/01/2021,713
12/01/2021,719
13/01/2021,725
14/01/2021,740
15/01/2021,735
18/01/2021,735
19/01/2021,736
20/01/2021,734
21/01/2021,730
22/01/2021,716
25/01/2021,724
26/01/2021,732
27/01/2021,731
28/01/2021,737
29/01/2021,741
1/02/2021,735
2/02/2021,732
3/02/2021,735
4/02/2021,731
5/02/2021,737
8/02/2021,737
9/02/2021,735
10/02/2021,733
11/02/2021,729
12/02/2021,723
15/02/2021,724
16/02/2021,718
17/02/2021,717
18/02/2021,720
19/02/2021,712
22/02/2021,707
23/02/2021,710
24/02/2021,707
25/02/2021,704
26/02/2021,708
1/03/2021,720
2/03/2021,721
3/03/2021,727
4/03/2021,731
5/03/2021,729
8/03/2021,733
9/03/2021,738
10/03/2021,733
11/03/2021,729
12/03/2021,718
15/03/2021,718
16/03/2021,721
17/03/2021,723
18/03/2021,731
19/03/2021,725
22/03/2021,718
23/03/2021,716
24/03/2021,721
25/03/2021,723
26/03/2021,731
29/03/2021,730
30/03/2021,736
31/03/2021,732
1/04/2021,722
5/04/2021,717
6/04/2021,718
7/04/2021,718
8/04/2021,714
9/04/2021,708
12/04/2021,711
13/04/2021,710
14/04/2021,709
15/04/2021,707
16/04/2021,702
19/04/2021,702
20/04/2021,701
21/04/2021,697
22/04/2021,697
23/04/2021,705
26/04/2021,713
27/04/2021,707
28/04/2021,702
29/04/2021,700
30/04/2021,705
3/05/2021,711
4/05/2021,706
5/05/2021,705
6/05/2021,703
7/05/2021,701
10/05/2021,694
11/05/2021,694
12/05/2021,700
13/05/2021,707
14/05/2021,709
17/05/2021,703
18/05/2021,716
19/05/2021,714
20/05/2021,715
24/05/2021,716
25/05/2021,727
26/05/2021,735
27/05/2021,733
28/05/2021,730
31/05/2021,725
1/06/2021,722
2/06/2021,722
3/06/2021,720
4/06/2021,720
7/06/2021,717
8/06/2021,716
9/06/2021,718
10/06/2021,719
11/06/2021,721
14/06/2021,720
15/06/2021,719
16/06/2021,725
17/06/2021,727
18/06/2021,736
22/06/2021,746
23/06/2021,749
24/06/2021,735
25/06/2021,731
29/06/2021,732
30/06/2021,735
1/07/2021,728
2/07/2021,738
5/07/2021,735
6/07/2021,735
7/07/2021,743
8/07/2021,751
9/07/2021,754
12/07/2021,749
13/07/2021,744
14/07/2021,747
15/07/2021,748
19/07/2021,754
20/07/2021,760
21/07/2021,759
22/07/2021,755
23/07/2021,751
26/07/2021,758
27/07/2021,764
28/07/2021,761
29/07/2021,767
30/07/2021,759
2/08/2021,760
3/08/2021,761
4/08/2021,775
5/08/2021,776
6/08/2021,777
9/08/2021,785
10/08/2021,787
11/08/2021,780
12/08/2021,773
13/08/2021,773
16/08/2021,774
17/08/2021,784
18/08/2021,790
19/08/2021,788
20/08/2021,790
23/08/2021,786
24/08/2021,783
25/08/2021,782
26/08/2021,783
27/08/2021,785
30/08/2021,784
31/08/2021,780
1/09/2021,775
2/09/2021,767
3/09/2021,768
6/09/2021,767
7/09/2021,770
8/09/2021,778
9/09/2021,788
10/09/2021,791
13/09/2021,790
14/09/2021,784
15/09/2021,783
16/09/2021,782
20/09/2021,781
21/09/2021,788
22/09/2021,785
23/09/2021,785
24/09/2021,787
27/09/2021,789
28/09/2021,795
29/09/2021,799
30/09/2021,804
1/10/2021,812
4/10/2021,804
5/10/2021,806
6/10/2021,811
7/10/2021,816
8/10/2021,814
12/10/2021,820
13/10/2021,828
14/10/2021,820
15/10/2021,817
18/10/2021,826
19/10/2021,820
20/10/2021,813
21/10/2021,812
22/10/2021,818
25/10/2021,817
26/10/2021,810
27/10/2021,807
28/10/2021,804
29/10/2021,805
2/11/2021,811
3/11/2021,814
4/11/2021,816
5/11/2021,816
8/11/2021,812
9/11/2021,807
10/11/2021,798
11/11/2021,792
12/11/2021,791
15/11/2021,798
16/11/2021,802
17/11/2021,806
18/11/2021,820
19/11/2021,835
22/11/2021,833
23/11/2021,808
24/11/2021,810
25/11/2021,812
26/11/2021,820
29/11/2021,830
30/11/2021,837
1/12/2021,838
2/12/2021,828
3/12/2021,838
6/12/2021,838
7/12/2021,842
9/12/2021,840
10/12/2021,841
13/12/2021,849
14/12/2021,843
15/12/2021,846
16/12/2021,849
17/12/2021,850
20/12/2021,847
21/12/2021,863
22/12/2021,869
23/12/2021,866
24/12/2021,857
27/12/2021,863
28/12/2021,859
29/12/2021,856
30/12/2021,850
3/01/2022,845
4/01/2022,851
5/01/2022,852
6/01/2022,842
7/01/2022,839
10/01/2022,832
11/01/2022,831
12/01/2022,833
13/01/2022,827
14/01/2022,822
17/01/2022,815
18/01/2022,822
19/01/2022,821
20/01/2022,813
21/01/2022,805
24/01/2022,799
25/01/2022,800
26/01/2022,806
27/01/2022,799
28/01/2022,799
31/01/2022,810
1/02/2022,804
2/02/2022,802
3/02/2022,806
4/02/2022,817
7/02/2022,826
8/02/2022,827
9/02/2022,824
10/02/2022,821
11/02/2022,804
14/02/2022,806
15/02/2022,812
16/02/2022,804
17/02/2022,800
18/02/2022,799
21/02/2022,794
22/02/2022,800
23/02/2022,796
24/02/2022,787
25/02/2022,807
28/02/2022,805
1/03/2022,798
2/03/2022,803
3/03/2022,807
4/03/2022,801
7/03/2022,807
8/03/2022,809
9/03/2022,812
10/03/2022,804
11/03/2022,806
14/03/2022,802
15/03/2022,808
16/03/2022,815
17/03/2022,804
18/03/2022,798
21/03/2022,802
22/03/2022,799
23/03/2022,793
24/03/2022,794
25/03/2022,790
28/03/2022,786
29/03/2022,779
30/03/2022,777
31/03/2022,787
1/04/2022,788
4/04/2022,783
5/04/2022,779
6/04/2022,783
7/04/2022,795
8/04/2022,808
11/04/2022,814
12/04/2022,819
13/04/2022,807
14/04/2022,805
18/04/2022,815
19/04/2022,818
20/04/2022,818
21/04/2022,816
22/04/2022,818
25/04/2022,834
26/04/2022,851
27/04/2022,848
28/04/2022,847
29/04/2022,857
2/05/2022,851
3/05/2022,861
4/05/2022,857
5/05/2022,859
6/05/2022,863
9/05/2022,858
10/05/2022,868
11/05/2022,868
12/05/2022,862
13/05/2022,868
16/05/2022,861
17/05/2022,858
18/05/2022,851
19/05/2022,850
20/05/2022,842
23/05/2022,834
24/05/2022,830
25/05/2022,834
26/05/2022,835
27/05/2022,830
30/05/2022,822
31/05/2022,826
1/06/2022,824
2/06/2022,825
3/06/2022,816
6/06/2022,813
7/06/2022,818
8/06/2022,829
9/06/2022,822
10/06/2022,827
13/06/2022,839
14/06/2022,863
15/06/2022,867
16/06/2022,864
17/06/2022,870
20/06/2022,876
22/06/2022,881
23/06/2022,887
24/06/2022,899
28/06/2022,911
29/06/2022,905
30/06/2022,920
1/07/2022,932
4/07/2022,935
5/07/2022,928
6/07/2022,949
7/07/2022,973
8/07/2022,960
11/07/2022,967
12/07/2022,990
13/07/2022,1009
14/07/2022,1010
15/07/2022,1043
18/07/2022,988
19/07/2022,941
20/07/2022,930
21/07/2022,920
22/07/2022,927
25/07/2022,933
26/07/2022,941
27/07/2022,922
28/07/2022,920
29/07/2022,911
1/08/2022,905
2/08/2022,893
3/08/2022,897
4/08/2022,908
5/08/2022,904
8/08/2022,914
9/08/2022,906
10/08/2022,901
11/08/2022,889
12/08/2022,882
16/08/2022,883
17/08/2022,882
18/08/2022,896
19/08/2022,918
22/08/2022,945
23/08/2022,945
24/08/2022,927
25/08/2022,916
26/08/2022,910
29/08/2022,900
30/08/2022,891
31/08/2022,882
1/09/2022,898
2/09/2022,898
5/09/2022,886
6/09/2022,866
7/09/2022,889
8/09/2022,886
9/09/2022,881
12/09/2022,885
13/09/2022,899
14/09/2022,910
15/09/2022,917
20/09/2022,923
21/09/2022,928
22/09/2022,939
23/09/2022,943
26/09/2022,965
27/09/2022,987
28/09/2022,983
29/09/2022,971
30/09/2022,966
3/10/2022,960
4/10/2022,955
5/10/2022,931
6/10/2022,942
7/10/2022,944
11/10/2022,945
12/10/2022,934
13/10/2022,933
14/10/2022,945
17/10/2022,951
18/10/2022,968
19/10/2022,972
20/10/2022,978
21/10/2022,972
24/10/2022,978
25/10/2022,984
26/10/2022,971
27/10/2022,953
28/10/2022,945
2/11/2022,936
3/11/2022,938
4/11/2022,949
7/11/2022,932
8/11/2022,920
9/11/2022,907
10/11/2022,904
11/11/2022,894
14/11/2022,887
15/11/2022,899
16/11/2022,889
17/11/2022,896
18/11/2022,921
21/11/2022,929
22/11/2022,947
23/11/2022,935
24/11/2022,925
25/11/2022,912
28/11/2022,916
29/11/2022,916
30/11/2022,906
1/12/2022,895
2/12/2022,886
5/12/2022,882
6/12/2022,886
7/12/2022,885
9/12/2022,879
12/12/2022,862
13/12/2022,860
14/12/2022,858
15/12/2022,863
16/12/2022,876
19/12/2022,886
20/12/2022,888
21/12/2022,890
22/12/2022,879
23/12/2022,867
26/12/2022,876
27/12/2022,879
28/12/2022,877
29/12/2022,857
30/12/2022,860
3/01/2023,856
4/01/2023,852
5/01/2023,855
6/01/2023,856
9/01/2023,846
10/01/2023,837
11/01/2023,834
12/01/2023,826
13/01/2023,822
16/01/2023,824
17/01/2023,822
18/01/2023,821
19/01/2023,812
20/01/2023,829
23/01/2023,821
24/01/2023,814
25/01/2023,805
26/01/2023,804
27/01/2023,803
30/01/2023,803
31/01/2023,810
1/02/2023,804
2/02/2023,792
3/02/2023,781
6/02/2023,789
7/02/2023,805
8/02/2023,799
9/02/2023,793
10/02/2023,796
13/02/2023,801
14/02/2023,794
15/02/2023,789
16/02/2023,793
17/02/2023,794
20/02/2023,792
21/02/2023,792
22/02/2023,798
23/02/2023,799
24/02/2023,803
27/02/2023,819
28/02/2023,831
1/03/2023,830
2/03/2023,815
3/03/2023,815
6/03/2023,809
7/03/2023,803
8/03/2023,798
9/03/2023,803
10/03/2023,801
13/03/2023,797
14/03/2023,803
15/03/2023,801
16/03/2023,817
17/03/2023,825
20/03/2023,831
21/03/2023,826
22/03/2023,822
23/03/2023,819
24/03/2023,805
27/03/2023,811
28/03/2023,807
29/03/2023,800
30/03/2023,792
31/03/2023,789
3/04/2023,790
4/04/2023,801
5/04/2023,811
6/04/2023,810
10/04/2023,815
11/04/2023,821
12/04/2023,812
13/04/2023,803
14/04/2023,796
17/04/2023,797
18/04/2023,801
19/04/2023,795
20/04/2023,797
21/04/2023,792
24/04/2023,796
25/04/2023,815
26/04/2023,814
27/04/2023,805
28/04/2023,802
2/05/2023,803
3/05/2023,809
4/05/2023,806
5/05/2023,801
8/05/2023,795
9/05/2023,793
10/05/2023,792
11/05/2023,788
12/05/2023,796
15/05/2023,787
16/05/2023,783
17/05/2023,794
18/05/2023,797
19/05/2023,796
22/05/2023,797
23/05/2023,800
24/05/2023,802
25/05/2023,809
26/05/2023,809
29/05/2023,804
30/05/2023,802
31/05/2023,804
1/06/2023,812
2/06/2023,805
5/06/2023,798
6/06/2023,798
7/06/2023,798
8/06/2023,793
9/06/2023,791
12/06/2023,787
13/06/2023,807
14/06/2023,804
15/06/2023,800
16/06/2023,797
19/06/2023,793
20/06/2023,796
22/06/2023,802
23/06/2023,805
27/06/2023,808
28/06/2023,800
29/06/2023,801
30/06/2023,803
3/07/2023,802
4/07/2023,799
5/07/2023,796
6/07/2023,798
7/07/2023,804
10/07/2023,807
11/07/2023,812
12/07/2023,817
13/07/2023,811
14/07/2023,809
17/07/2023,813
18/07/2023,821
19/07/2023,816
20/07/2023,811
21/07/2023,808
24/07/2023,822
25/07/2023,827
26/07/2023,829
27/07/2023,826
28/07/2023,826
31/07/2023,828
1/08/2023,841
2/08/2023,843
3/08/2023,848
4/08/2023,854
7/08/2023,849
8/08/2023,856
9/08/2023,863
10/08/2023,859
11/08/2023,852
14/08/2023,853
16/08/2023,859
17/08/2023,860
18/08/2023,865
21/08/2023,868
22/08/2023,870
23/08/2023,867
24/08/2023,861
25/08/2023,855
28/08/2023,843
29/08/2023,849
30/08/2023,858
31/08/2023,854
1/09/2023,854
4/09/2023,851
5/09/2023,855
6/09/2023,870
7/09/2023,873
8/09/2023,880
11/09/2023,893
12/09/2023,891
13/09/2023,897
14/09/2023,888
15/09/2023,886
20/09/2023,888
21/09/2023,882
22/09/2023,892
25/09/2023,889
26/09/2023,900
27/09/2023,904
28/09/2023,905
29/09/2023,907
2/10/2023,896
3/10/2023,902
4/10/2023,914
5/10/2023,913
6/10/2023,917
10/10/2023,919
11/10/2023,927
12/10/2023,925
13/10/2023,933
16/10/2023,942
17/10/2023,943
18/10/2023,946
19/10/2023,937
20/10/2023,940
23/10/2023,942
24/10/2023,938
25/10/2023,929
26/10/2023,923
30/10/2023,928
31/10/2023,910
2/11/2023,899
3/11/2023,890
6/11/2023,881
7/11/2023,880
8/11/2023,886
9/11/2023,896
10/11/2023,903
13/11/2023,917
14/11/2023,922
15/11/2023,907
16/11/2023,890
17/11/2023,881
20/11/2023,884
21/11/2023,879
22/11/2023,874
23/11/2023,875
24/11/2023,871
27/11/2023,874
28/11/2023,872
29/11/2023,869
30/11/2023,868
1/12/2023,870
4/12/2023,863
5/12/2023,862
6/12/2023,874
7/12/2023,874
11/12/2023,868
12/12/2023,880
13/12/2023,881
14/12/2023,877
15/12/2023,866
18/12/2023,873
19/12/2023,875
20/12/2023,863
21/12/2023,869
22/12/2023,873
26/12/2023,884
27/12/2023,896
28/12/2023,886
29/12/2023,885
2/01/2024,877
3/01/2024,881
4/01/2024,884
5/01/2024,884
8/01/2024,893
9/01/2024,901
10/01/2024,915
11/01/2024,919
12/01/2024,911
15/01/2024,909
16/01/2024,912
17/01/2024,922
18/01/2024,927
19/01/2024,919
22/01/2024,911
23/01/2024,906
24/01/2024,909
25/01/2024,909
26/01/2024,911
29/01/2024,916
30/01/2024,928
31/01/2024,933
1/02/2024,932
2/02/2024,936
5/02/2024,944
6/02/2024,956
7/02/2024,950
8/02/2024,948
9/02/2024,958
12/02/2024,969
13/02/2024,972
14/02/2024,972
15/02/2024,960
16/02/2024,962
19/02/2024,969
20/02/2024,966
21/02/2024,964
22/02/2024,968
23/02/2024,973
26/02/2024,984
27/02/2024,987
28/02/2024,985
29/02/2024,980
1/03/2024,970
4/03/2024,966
5/03/2024,972
6/03/2024,976
7/03/2024,981
8/03/2024,984
11/03/2024,965
12/03/2024,966
13/03/2024,965
14/03/2024,949
15/03/2024,946
18/03/2024,941
19/03/2024,945
20/03/2024,962
21/03/2024,976
22/03/2024,972
25/03/2024,980
26/03/2024,978
27/03/2024,982
28/03/2024,982
1/04/2024,982
2/04/2024,983
3/04/2024,980
4/04/2024,963
5/04/2024,943
8/04/2024,949
9/04/2024,947
10/04/2024,941
11/04/2024,954
12/04/2024,957
15/04/2024,965
16/04/2024,978
17/04/2024,985
18/04/2024,975
19/04/2024,968
22/04/2024,956
23/04/2024,954
24/04/2024,951
25/04/2024,955
26/04/2024,949
29/04/2024,948
30/04/2024,944
2/05/2024,954
3/05/2024,954
6/05/2024,938
7/05/2024,930
8/05/2024,934
9/05/2024,937
10/05/2024,931
13/05/2024,922
14/05/2024,922
15/05/2024,917
16/05/2024,909
17/05/2024,902
20/05/2024,897
22/05/2024,887
23/05/2024,905
24/05/2024,909
27/05/2024,903
28/05/2024,900
29/05/2024,898
30/05/2024,908
31/05/2024,918
3/06/2024,917
4/06/2024,908
5/06/2024,905
6/06/2024,906
7/06/2024,910
10/06/2024,917
11/06/2024,923
12/06/2024,924
13/06/2024,915
14/06/2024,919
17/06/2024,928
18/06/2024,939
19/06/2024,935
21/06/2024,928
24/06/2024,937
25/06/2024,942
26/06/2024,942
27/06/2024,948
28/06/2024,951
1/07/2024,944
2/07/2024,944
3/07/2024,947
4/07/2024,940
5/07/2024,937
8/07/2024,934
9/07/2024,939
10/07/2024,932
11/07/2024,919
12/07/2024,909
15/07/2024,910
17/07/2024,911
18/07/2024,922
19/07/2024,940
22/07/2024,944
23/07/2024,949
24/07/2024,947
25/07/2024,949
26/07/2024,947
29/07/2024,950
30/07/2024,957
31/07/2024,957
1/08/2024,944
2/08/2024,939
5/08/2024,951
6/08/2024,958
7/08/2024,947
8/08/2024,944
9/08/2024,937
12/08/2024,933
13/08/2024,932
14/08/2024,932
16/08/2024,931
19/08/2024,934
20/08/2024,929
21/08/2024,923
22/08/2024,919
23/08/2024,920
26/08/2024,911
27/08/2024,907
28/08/2024,907
29/08/2024,912
30/08/2024,917
2/09/2024,914
3/09/2024,915
4/09/2024,926
5/09/2024,938
6/09/2024,942
9/09/2024,943
10/09/2024,946
11/09/2024,949
12/09/2024,943
13/09/2024,934
16/09/2024,926
17/09/2024,923
23/09/2024,927
24/09/2024,925
25/09/2024,912
26/09/2024,912
27/09/2024,901
30/09/2024,896
1/10/2024,898
2/10/2024,901
3/10/2024,908
4/10/2024,919
7/10/2024,924
8/10/2024,926
9/10/2024,934
10/10/2024,935
11/10/2024,931
14/10/2024,926
15/10/2024,928
16/10/2024,937
17/10/2024,941
18/10/2024,945
21/10/2024,947
22/10/2024,954
23/10/2024,949
24/10/2024,948
25/10/2024,945
28/10/2024,949
29/10/2024,946
30/10/2024,951
4/11/2024,961
5/11/2024,957
6/11/2024,955
7/11/2024,969
8/11/2024,951
11/11/2024,963
12/11/2024,980
13/11/2024,984
14/11/2024,982
15/11/2024,975
18/11/2024,975
19/11/2024,977
20/11/2024,973
21/11/2024,973
22/11/2024,971
25/11/2024,982
26/11/2024,977
27/11/2024,975
28/11/2024,975
29/11/2024,977
2/12/2024,978
3/12/2024,979
4/12/2024,973
5/12/2024,974
6/12/2024,972
9/12/2024,972
10/12/2024,970
11/12/2024,972
12/12/2024,976
13/12/2024,976
16/12/2024,983
17/12/2024,990
18/12/2024,991
19/12/2024,988
20/12/2024,996
23/12/2024,991
24/12/2024,993
26/12/2024,989
27/12/2024,991
30/12/2024,992
2/01/2025,996
3/01/2025,1000
6/01/2025,1012
7/01/2025,1011
8/01/2025,1006
9/01/2025,1008
10/01/2025,1004
13/01/2025,1009
14/01/2025,1013
15/01/2025,1005
16/01/2025,1002
17/01/2025,1011
20/01/2025,1012
21/01/2025,1002
22/01/2025,1002
23/01/2025,995
24/01/2025,990
27/01/2025,983
28/01/2025,986
29/01/2025,992
30/01/2025,991
31/01/2025,988
3/02/2025,984
4/02/2025,987
5/02/2025,978
6/02/2025,969
7/02/2025,968
10/02/2025,961
11/02/2025,961
12/02/2025,962
13/02/2025,957
14/02/2025,950
17/02/2025,940
18/02/2025,947
19/02/2025,950
20/02/2025,952
21/02/2025,945
24/02/2025,943
25/02/2025,947
26/02/2025,941
27/02/2025,942
28/02/2025,951
3/03/2025,954
4/03/2025,953
5/03/2025,949
6/03/2025,937
7/03/2025,927
10/03/2025,928
11/03/2025,931
12/03/2025,937
13/03/2025,932
14/03/2025,940
17/03/2025,932
18/03/2025,923
19/03/2025,918
20/03/2025,918
21/03/2025,926
24/03/2025,932
25/03/2025,926
26/03/2025,920
27/03/2025,921
28/03/2025,932
31/03/2025,946
1/04/2025,953
2/04/2025,946
3/04/2025,950
4/04/2025,947
7/04/2025,976
8/04/2025,991
9/04/2025,994
10/04/2025,1000
11/04/2025,989
14/04/2025,978
15/04/2025,966
16/04/2025,967
17/04/2025,969
21/04/2025,969
22/04/2025,961
23/04/2025,950
24/04/2025,938
25/04/2025,938
28/04/2025,937
29/04/2025,938
30/04/2025,945
2/05/2025,956
5/05/2025,941
6/05/2025,940
7/05/2025,940
8/05/2025,945
9/05/2025,941
12/05/2025,933
13/05/2025,941
14/05/2025,940
15/05/2025,939
16/05/2025,940
19/05/2025,944
20/05/2025,937
22/05/2025,942
23/05/2025,945
26/05/2025,941
27/05/2025,938
28/05/2025,938
29/05/2025,940
30/05/2025,937
2/06/2025,942
3/06/2025,940
4/06/2025,942
5/06/2025,937
6/06/2025,931
9/06/2025,934
10/06/2025,937
11/06/2025,939
12/06/2025,936
13/06/2025,930
16/06/2025,938
17/06/2025,935
18/06/2025,939
19/06/2025,943
23/06/2025,947
24/06/2025,950
25/06/2025,938
26/06/2025,936
27/06/2025,931
30/06/2025,936
1/07/2025,933
2/07/2025,927
3/07/2025,927
4/07/2025,928
7/07/2025,932
8/07/2025,940
9/07/2025,945
10/07/2025,948
11/07/2025,950
14/07/2025,956
15/07/2025,967
17/07/2025,966
18/07/2025,967
21/07/2025,962
22/07/2025,957
23/07/2025,953
24/07/2025,949
25/07/2025,951
28/07/2025,958
29/07/2025,970
30/07/2025,970
31/07/2025,978
1/08/2025,977
4/08/2025,967
5/08/2025,964
6/08/2025,966
7/08/2025,976
8/08/2025,972
11/08/2025,966
12/08/2025,970
13/08/2025,962
14/08/2025,952
18/08/2025,962
19/08/2025,966
20/08/2025,964
21/08/2025,965
22/08/2025,969
25/08/2025,964
26/08/2025,963
27/08/2025,965
28/08/2025,969
29/08/2025,967
1/09/2025,965
2/09/2025,968
3/09/2025,974
4/09/2025,969
5/09/2025,971
8/09/2025,965
9/09/2025,967
10/09/2025,966
11/09/2025,963
12/09/2025,955
15/09/2025,955
16/09/2025,951
17/09/2025,949
22/09/2025,951
23/09/2025,955
24/09/2025,953
25/09/2025,953
26/09/2025,956
29/09/2025,959
30/09/2025,961
1/10/2025,962
2/10/2025,959
3/10/2025,962
6/10/2025,963
7/10/2025,963
8/10/2025,962
9/10/2025,951
10/10/2025,949
13/10/2025,954
14/10/2025,958
15/10/2025,964
16/10/2025,959
17/10/2025,956
20/10/2025,960
21/10/2025,953
22/10/2025,952
23/10/2025,950
24/10/2025,945
27/10/2025,943
28/10/2025,938
29/10/2025,942
30/10/2025,941
3/11/2025,944
4/11/2025,941
5/11/2025,945
6/11/2025,946
7/11/2025,941
10/11/2025,946
11/11/2025,941
12/11/2025,937
13/11/2025,932
14/11/2025,926
17/11/2025,933
18/11/2025,920
19/11/2025,929
20/11/2025,931
21/11/2025,929
24/11/2025,937
25/11/2025,940
26/11/2025,937
27/11/2025,931
28/11/2025,929
1/12/2025,928
2/12/2025,928
3/12/2025,925
4/12/2025,919
5/12/2025,918
9/12/2025,920
10/12/2025,927
11/12/2025,924
12/12/2025,917
15/12/2025,913
16/12/2025,912
17/12/2025,914
18/12/2025,917
19/12/2025,915
22/12/2025,910
23/12/2025,908
24/12/2025,906
26/12/2025,905
29/12/2025,905
30/12/2025,911
2/01/2026,907
5/01/2026,902
6/01/2026,905
7/01/2026,897
8/01/2026,895
9/01/2026,897
12/01/2026,896
13/01/2026,886
14/01/2026,884
15/01/2026,883
16/01/2026,885
19/01/2026,887
20/01/2026,889
21/01/2026,890
22/01/2026,878
23/01/2026,872
26/01/2026,871
27/01/2026,863
28/01/2026,862
29/01/2026,858
30/01/2026,858
2/02/2026,865
3/02/2026,869
4/02/2026,860
5/02/2026,858
6/02/2026,866
9/02/2026,860
10/02/2026,854
11/02/2026,856
12/02/2026,856
13/02/2026,854
16/02/2026,864
17/02/2026,863
18/02/2026,868
19/02/2026,863
20/02/2026,867
23/02/2026,867
24/02/2026,867
25/02/2026,865
26/02/2026,858
27/02/2026,861
2/03/2026,871
3/03/2026,884
4/03/2026,906
5/03/2026,895
6/03/2026,908
9/03/2026,922
10/03/2026,916
11/03/2026,894
12/03/2026,896
13/03/2026,910
16/03/2026,914
17/03/2026,909
18/03/2026,906
19/03/2026,912
20/03/2026,921
23/03/2026,924
24/03/2026,915
25/03/2026,916
26/03/2026,914
27/03/2026,923
30/03/2026,930
31/03/2026,932
1/04/2026,927
2/04/2026,916
6/04/2026,922
7/04/2026,914
8/04/2026,923
9/04/2026,895
10/04/2026,894
13/04/2026,890
14/04/2026,899